{"cameraMode":{"drawMode":0,"name":"Shaded","section":"Shading Mode"},"sceneLighting":false,"audioPlay":false,"sceneViewState":{"showFog":true,"showMaterialUpdate":false,"showSkybox":false,"showFlares":true,"showImageEffects":true,"showParticleSystems":true},"in2DMode":false,"pivot":{"x":0.23841321468353272,"y":1.2918494939804078,"z":0.10938245058059693},"rotation":{"x":-0.02312399260699749,"y":0.9753043055534363,"z":-0.18081270158290864,"w":-0.12473104894161225},"size":1.8907232284545899,"orthographic":false}