{"cameraMode":{"drawMode":0,"name":"Shaded","section":"Shading Mode"},"sceneLighting":true,"audioPlay":false,"sceneViewState":{"showFog":true,"showMaterialUpdate":false,"showSkybox":true,"showFlares":true,"showImageEffects":true,"showParticleSystems":true},"in2DMode":false,"pivot":{"x":-10.840054512023926,"y":-1.051180124282837,"z":-16.34244155883789},"rotation":{"x":-0.045096397399902347,"y":0.8861823081970215,"z":-0.08829698711633682,"w":-0.4526048004627228},"size":10.0,"orthographic":false}