{"cameraMode":{"drawMode":0,"name":"Shaded","section":"Shading Mode"},"sceneLighting":true,"audioPlay":false,"sceneViewState":{"showFog":true,"showMaterialUpdate":false,"showSkybox":true,"showFlares":true,"showImageEffects":true,"showParticleSystems":true,"showVisualEffectGraphs":true,"m_FxEnabled":true},"in2DMode":false,"pivot":{"x":-43.75735092163086,"y":-171.8350372314453,"z":279.85906982421877},"rotation":{"x":0.27855151891708376,"y":-0.08772345632314682,"z":0.025561874732375146,"w":0.9560753107070923},"size":237.64967346191407,"orthographic":false}